{
  "train_loss": [
    4.185326049062941
  ],
  "val_loss": [
    1.110349953174591
  ]
}